{"proxy": "i.pixiv.re", "last": {"group_858064588": 1738612808.9436705, "group_996710620": 1738616149.1103816, "user_1536075646": 1738621157.5975046}, "group_858064588": {"r18": true}, "group_996710620": {"cd": 60, "maxnum": 20}, "group_983194724": {"cd": 60, "maxnum": 20, "r18": true, "withdraw": 10}, "user_1536075646": {"maxnum": 20, "r18": true}, "ban": ["group_858064588"]}